Old URL,New URL
/alachua,/florida-bail-bonds/alachua
/bail-bonds,/florida-bail-bonds
/bail-bonds/alachua,/florida-bail-bonds/alachua
/bail-bonds/baker,/florida-bail-bonds/baker
/bail-bonds/bay,/florida-bail-bonds/bay
/bail-bonds/bradford,/florida-bail-bonds/bradford
/bail-bonds/brevard,/florida-bail-bonds/brevard
/bail-bonds/broward,/florida-bail-bonds/broward
/bail-bonds/calhoun,/florida-bail-bonds/calhoun
/bail-bonds/charlotte,/florida-bail-bonds/charlotte
/bail-bonds/citrus,/florida-bail-bonds/citrus
/bail-bonds/clay,/florida-bail-bonds/clay
/bail-bonds/collier,/florida-bail-bonds/collier
/bail-bonds/columbia,/florida-bail-bonds/columbia
/bail-bonds/desoto,/florida-bail-bonds/desoto
/bail-bonds/dixie,/florida-bail-bonds/dixie
/bail-bonds/duval,/florida-bail-bonds/duval
/bail-bonds/escambia,/florida-bail-bonds/escambia
/bail-bonds/flagler,/florida-bail-bonds/flagler
/bail-bonds/franklin,/florida-bail-bonds/franklin
/bail-bonds/gadsden,/florida-bail-bonds/gadsden
/bail-bonds/gilchrist,/florida-bail-bonds/gilchrist
/bail-bonds/glades,/florida-bail-bonds/glades
/bail-bonds/gulf,/florida-bail-bonds/gulf
/bail-bonds/hamilton,/florida-bail-bonds/hamilton
/bail-bonds/hardee,/florida-bail-bonds/hardee
/bail-bonds/hendry,/florida-bail-bonds/hendry
/bail-bonds/hernando,/florida-bail-bonds/hernando
/bail-bonds/highlands,/florida-bail-bonds/highlands
/bail-bonds/hillsborough,/florida-bail-bonds/hillsborough
/bail-bonds/holmes,/florida-bail-bonds/holmes
/bail-bonds/indian-river,/florida-bail-bonds/indianriver
/bail-bonds/jackson,/florida-bail-bonds/jackson
/bail-bonds/jefferson,/florida-bail-bonds/jefferson
/bail-bonds/lafayette,/florida-bail-bonds/lafayette
/bail-bonds/lake,/florida-bail-bonds/lake
/bail-bonds/lee,/florida-bail-bonds/lee
/bail-bonds/leon,/florida-bail-bonds/leon
/bail-bonds/levy,/florida-bail-bonds/levy
/bail-bonds/liberty,/florida-bail-bonds/liberty
/bail-bonds/madison,/florida-bail-bonds/madison
/bail-bonds/manatee,/florida-bail-bonds/manatee
/bail-bonds/marion,/florida-bail-bonds/marion
/bail-bonds/martin,/florida-bail-bonds/martin
/bail-bonds/miami-dade,/florida-bail-bonds/miami-dade
/bail-bonds/monroe,/florida-bail-bonds/monroe
/bail-bonds/nassau,/florida-bail-bonds/nassau
/bail-bonds/okaloosa,/florida-bail-bonds/okaloosa
/bail-bonds/okeechobee,/florida-bail-bonds/okeechobee
/bail-bonds/orange,/florida-bail-bonds/orange
/bail-bonds/osceola,/florida-bail-bonds/osceola
/bail-bonds/palm-beach,/florida-bail-bonds/palmbeach
/bail-bonds/pasco,/florida-bail-bonds/pasco
/bail-bonds/pinellas,/florida-bail-bonds/pinellas
/bail-bonds/polk,/florida-bail-bonds/polk
/bail-bonds/putnam,/florida-bail-bonds/putnam
/bail-bonds/santa-rosa,/florida-bail-bonds/santa-rosa
/bail-bonds/sarasota,/florida-bail-bonds/sarasota
/bail-bonds/seminole,/florida-bail-bonds/seminole
/bail-bonds/st-johns,/florida-bail-bonds/stjohns
/bail-bonds/st-lucie,/florida-bail-bonds/stlucie
/bail-bonds/stlucie,/florida-bail-bonds/stlucie
/bail-bonds/sumter,/florida-bail-bonds/sumter
/bail-bonds/suwannee,/florida-bail-bonds/suwannee
/bail-bonds/taylor,/florida-bail-bonds/taylor
/bail-bonds/union,/florida-bail-bonds/union
/bail-bonds/volusia,/florida-bail-bonds/volusia
/bail-bonds/wakulla,/florida-bail-bonds/wakulla
/bail-bonds/walton,/florida-bail-bonds/walton
/bail-bonds/washington,/florida-bail-bonds/washington
/bail-school,/how-to-become-a-bondsman
/baker,/florida-bail-bonds/baker
/bay,/florida-bail-bonds/bay
/become-a-bondsman,/how-to-become-a-bondsman
/bradford,/florida-bail-bonds/bradford
/brevard,/florida-bail-bonds/brevard
/broward,/florida-bail-bonds/broward
/calhoun,/florida-bail-bonds/calhoun
/charlotte,/florida-bail-bonds/charlotte
/citrus,/florida-bail-bonds/citrus
/clay,/florida-bail-bonds/clay
/collier,/florida-bail-bonds/collier
/columbia,/florida-bail-bonds/columbia
/desoto,/florida-bail-bonds/desoto
/dixie,/florida-bail-bonds/dixie
/duval,/florida-bail-bonds/duval
/escambia,/florida-bail-bonds/escambia
/faq,/how-bail-works
/flagler,/florida-bail-bonds/flagler
/florida-clerks,/florida-bail-bonds
/florida-sheriffs,/florida-bail-bonds
/florida-sheriffs-clerks,/florida-bail-bonds
/franklin,/florida-bail-bonds/franklin
/gadsden,/florida-bail-bonds/gadsden
/gilchrist,/florida-bail-bonds/gilchrist
/glades,/florida-bail-bonds/glades
/gulf,/florida-bail-bonds/gulf
/hamilton,/florida-bail-bonds/hamilton
/hardee,/florida-bail-bonds/hardee
/hendry,/florida-bail-bonds/hendry
/hernando,/florida-bail-bonds/hernando
/highlands,/florida-bail-bonds/highlands
/hillsborough,/florida-bail-bonds/hillsborough
/holmes,/florida-bail-bonds/holmes
/indian-river,/florida-bail-bonds/indianriver
/jackson,/florida-bail-bonds/jackson
/jefferson,/florida-bail-bonds/jefferson
/lafayette,/florida-bail-bonds/lafayette
/lake,/florida-bail-bonds/lake
/lee,/florida-bail-bonds/lee
/leon,/florida-bail-bonds/leon
/levy,/florida-bail-bonds/levy
/liberty,/florida-bail-bonds/liberty
/login,/portal-landing
/madison,/florida-bail-bonds/madison
/manatee,/florida-bail-bonds/manatee
/marion,/florida-bail-bonds/marion
/martin,/florida-bail-bonds/martin
/member-area,/portal-landing
/members,/portal-landing
/miami-dade,/florida-bail-bonds/miami-dade
/monroe,/florida-bail-bonds/monroe
/nassau,/florida-bail-bonds/nassau
/okaloosa,/florida-bail-bonds/okaloosa
/okeechobee,/florida-bail-bonds/okeechobee
/orange,/florida-bail-bonds/orange
/osceola,/florida-bail-bonds/osceola
/palm-beach,/florida-bail-bonds/palmbeach
/pasco,/florida-bail-bonds/pasco
/pay-online,/
/payment,/
/pinellas,/florida-bail-bonds/pinellas
/putnam,/florida-bail-bonds/putnam
/santa-rosa,/florida-bail-bonds/santa-rosa
/sarasota,/florida-bail-bonds/sarasota
/seminole,/florida-bail-bonds/seminole
/services,/
/sitemap,/
/st-johns,/florida-bail-bonds/stjohns
/st-lucie,/florida-bail-bonds/stlucie
/start-bail-paperwork,/portal-landing
/stlucie,/florida-bail-bonds/stlucie
/sumter,/florida-bail-bonds/sumter
/suwannee,/florida-bail-bonds/suwannee
/taylor,/florida-bail-bonds/taylor
/terms,/terms-of-service
/union,/florida-bail-bonds/union
/volusia,/florida-bail-bonds/volusia
/wakulla,/florida-bail-bonds/wakulla
/walton,/florida-bail-bonds/walton
/washington,/florida-bail-bonds/washington
