Old URL,New URL
/bail-online,/
/blank-4,/
/_api/v1/access-tokens,https://www.shamrockbailbonds.biz/_api/v1/access-tokens
/bail-bonds/hendry,/
/bail-bonds/pinellas,/
/bail-bonds/stlucie,/
/bail-bonds/suwannee,/
/bail-bonds/levy,/
/bail-bonds/polk,/
/bail-bonds/clay,/
/blank-3,https://www.shamrockbailbonds.biz/how-bail-works
/blank,https://www.shamrockbailbonds.biz/how-to-become-a-bondsman
/home-1,https://www.shamrockbailbonds.biz/how-to-become-a-bondsman
/_functions/sitemap,https://www.shamrockbailbonds.biz/_functions/sitemap
