countySlug,countyName,active,tier,primaryPhone,metaTitle,metaDescription
alachua,Alachua,TRUE,3,(239) 332-2245,Bail Bonds Alachua County | Shamrock Bail Bonds,24/7 Alachua County Bail Bonds. Fast, confidential service. Call now.
baker,Baker,TRUE,3,(239) 332-2245,Bail Bonds Baker County | Shamrock Bail Bonds,24/7 Baker County Bail Bonds. Fast, confidential service. Call now.
bay,Bay,TRUE,3,(239) 332-2245,Bail Bonds Bay County | Shamrock Bail Bonds,24/7 Bay County Bail Bonds. Fast, confidential service. Call now.
bradford,Bradford,TRUE,3,(239) 332-2245,Bail Bonds Bradford County | Shamrock Bail Bonds,24/7 Bradford County Bail Bonds. Fast, confidential service. Call now.
brevard,Brevard,TRUE,3,(239) 332-2245,Bail Bonds Brevard County | Shamrock Bail Bonds,24/7 Brevard County Bail Bonds. Fast, confidential service. Call now.
broward,Broward,TRUE,2,(239) 332-2245,Bail Bonds Broward County | Shamrock Bail Bonds,24/7 Broward County Bail Bonds. Fast, confidential service. Call now.
calhoun,Calhoun,TRUE,3,(239) 332-2245,Bail Bonds Calhoun County | Shamrock Bail Bonds,24/7 Calhoun County Bail Bonds. Fast, confidential service. Call now.
charlotte,Charlotte,TRUE,1,(239) 332-2245,Bail Bonds Charlotte County | Shamrock Bail Bonds,24/7 Charlotte County Bail Bonds. Fast, confidential service. Call now.
citrus,Citrus,TRUE,3,(239) 332-2245,Bail Bonds Citrus County | Shamrock Bail Bonds,24/7 Citrus County Bail Bonds. Fast, confidential service. Call now.
clay,Clay,TRUE,3,(239) 332-2245,Bail Bonds Clay County | Shamrock Bail Bonds,24/7 Clay County Bail Bonds. Fast, confidential service. Call now.
collier,Collier,TRUE,1,(239) 332-2245,Bail Bonds Collier County | Shamrock Bail Bonds,24/7 Collier County Bail Bonds. Fast, confidential service. Call now.
columbia,Columbia,TRUE,3,(239) 332-2245,Bail Bonds Columbia County | Shamrock Bail Bonds,24/7 Columbia County Bail Bonds. Fast, confidential service. Call now.
desoto,Desoto,TRUE,3,(239) 332-2245,Bail Bonds Desoto County | Shamrock Bail Bonds,24/7 Desoto County Bail Bonds. Fast, confidential service. Call now.
dixie,Dixie,TRUE,3,(239) 332-2245,Bail Bonds Dixie County | Shamrock Bail Bonds,24/7 Dixie County Bail Bonds. Fast, confidential service. Call now.
duval,Duval,TRUE,2,(239) 332-2245,Bail Bonds Duval County | Shamrock Bail Bonds,24/7 Duval County Bail Bonds. Fast, confidential service. Call now.
escambia,Escambia,TRUE,3,(239) 332-2245,Bail Bonds Escambia County | Shamrock Bail Bonds,24/7 Escambia County Bail Bonds. Fast, confidential service. Call now.
flagler,Flagler,TRUE,3,(239) 332-2245,Bail Bonds Flagler County | Shamrock Bail Bonds,24/7 Flagler County Bail Bonds. Fast, confidential service. Call now.
franklin,Franklin,TRUE,3,(239) 332-2245,Bail Bonds Franklin County | Shamrock Bail Bonds,24/7 Franklin County Bail Bonds. Fast, confidential service. Call now.
gadsden,Gadsden,TRUE,3,(239) 332-2245,Bail Bonds Gadsden County | Shamrock Bail Bonds,24/7 Gadsden County Bail Bonds. Fast, confidential service. Call now.
gilchrist,Gilchrist,TRUE,3,(239) 332-2245,Bail Bonds Gilchrist County | Shamrock Bail Bonds,24/7 Gilchrist County Bail Bonds. Fast, confidential service. Call now.
glades,Glades,TRUE,1,(239) 332-2245,Bail Bonds Glades County | Shamrock Bail Bonds,24/7 Glades County Bail Bonds. Fast, confidential service. Call now.
gulf,Gulf,TRUE,3,(239) 332-2245,Bail Bonds Gulf County | Shamrock Bail Bonds,24/7 Gulf County Bail Bonds. Fast, confidential service. Call now.
hamilton,Hamilton,TRUE,3,(239) 332-2245,Bail Bonds Hamilton County | Shamrock Bail Bonds,24/7 Hamilton County Bail Bonds. Fast, confidential service. Call now.
hardee,Hardee,TRUE,3,(239) 332-2245,Bail Bonds Hardee County | Shamrock Bail Bonds,24/7 Hardee County Bail Bonds. Fast, confidential service. Call now.
hendry,Hendry,TRUE,1,(239) 332-2245,Bail Bonds Hendry County | Shamrock Bail Bonds,24/7 Hendry County Bail Bonds. Fast, confidential service. Call now.
hernando,Hernando,TRUE,3,(239) 332-2245,Bail Bonds Hernando County | Shamrock Bail Bonds,24/7 Hernando County Bail Bonds. Fast, confidential service. Call now.
highlands,Highlands,TRUE,3,(239) 332-2245,Bail Bonds Highlands County | Shamrock Bail Bonds,24/7 Highlands County Bail Bonds. Fast, confidential service. Call now.
hillsborough,Hillsborough,TRUE,2,(239) 332-2245,Bail Bonds Hillsborough County | Shamrock Bail Bonds,24/7 Hillsborough County Bail Bonds. Fast, confidential service. Call now.
holmes,Holmes,TRUE,3,(239) 332-2245,Bail Bonds Holmes County | Shamrock Bail Bonds,24/7 Holmes County Bail Bonds. Fast, confidential service. Call now.
indian-river,Indian River,TRUE,3,(239) 332-2245,Bail Bonds Indian River County | Shamrock Bail Bonds,24/7 Indian River County Bail Bonds. Fast, confidential service. Call now.
jackson,Jackson,TRUE,3,(239) 332-2245,Bail Bonds Jackson County | Shamrock Bail Bonds,24/7 Jackson County Bail Bonds. Fast, confidential service. Call now.
jefferson,Jefferson,TRUE,3,(239) 332-2245,Bail Bonds Jefferson County | Shamrock Bail Bonds,24/7 Jefferson County Bail Bonds. Fast, confidential service. Call now.
lafayette,Lafayette,TRUE,3,(239) 332-2245,Bail Bonds Lafayette County | Shamrock Bail Bonds,24/7 Lafayette County Bail Bonds. Fast, confidential service. Call now.
lake,Lake,TRUE,3,(239) 332-2245,Bail Bonds Lake County | Shamrock Bail Bonds,24/7 Lake County Bail Bonds. Fast, confidential service. Call now.
lee,Lee,TRUE,1,(239) 332-2245,Bail Bonds Lee County | Shamrock Bail Bonds,24/7 Lee County Bail Bonds. Fast, confidential service. Call now.
leon,Leon,TRUE,3,(239) 332-2245,Bail Bonds Leon County | Shamrock Bail Bonds,24/7 Leon County Bail Bonds. Fast, confidential service. Call now.
levy,Levy,TRUE,3,(239) 332-2245,Bail Bonds Levy County | Shamrock Bail Bonds,24/7 Levy County Bail Bonds. Fast, confidential service. Call now.
liberty,Liberty,TRUE,3,(239) 332-2245,Bail Bonds Liberty County | Shamrock Bail Bonds,24/7 Liberty County Bail Bonds. Fast, confidential service. Call now.
madison,Madison,TRUE,3,(239) 332-2245,Bail Bonds Madison County | Shamrock Bail Bonds,24/7 Madison County Bail Bonds. Fast, confidential service. Call now.
manatee,Manatee,TRUE,2,(239) 332-2245,Bail Bonds Manatee County | Shamrock Bail Bonds,24/7 Manatee County Bail Bonds. Fast, confidential service. Call now.
marion,Marion,TRUE,3,(239) 332-2245,Bail Bonds Marion County | Shamrock Bail Bonds,24/7 Marion County Bail Bonds. Fast, confidential service. Call now.
martin,Martin,TRUE,3,(239) 332-2245,Bail Bonds Martin County | Shamrock Bail Bonds,24/7 Martin County Bail Bonds. Fast, confidential service. Call now.
miami-dade,Miami-Dade,TRUE,2,(239) 332-2245,Bail Bonds Miami-Dade County | Shamrock Bail Bonds,24/7 Miami-Dade County Bail Bonds. Fast, confidential service. Call now.
monroe,Monroe,TRUE,3,(239) 332-2245,Bail Bonds Monroe County | Shamrock Bail Bonds,24/7 Monroe County Bail Bonds. Fast, confidential service. Call now.
nassau,Nassau,TRUE,3,(239) 332-2245,Bail Bonds Nassau County | Shamrock Bail Bonds,24/7 Nassau County Bail Bonds. Fast, confidential service. Call now.
okaloosa,Okaloosa,TRUE,3,(239) 332-2245,Bail Bonds Okaloosa County | Shamrock Bail Bonds,24/7 Okaloosa County Bail Bonds. Fast, confidential service. Call now.
okeechobee,Okeechobee,TRUE,3,(239) 332-2245,Bail Bonds Okeechobee County | Shamrock Bail Bonds,24/7 Okeechobee County Bail Bonds. Fast, confidential service. Call now.
orange,Orange,TRUE,2,(239) 332-2245,Bail Bonds Orange County | Shamrock Bail Bonds,24/7 Orange County Bail Bonds. Fast, confidential service. Call now.
osceola,Osceola,TRUE,3,(239) 332-2245,Bail Bonds Osceola County | Shamrock Bail Bonds,24/7 Osceola County Bail Bonds. Fast, confidential service. Call now.
palm-beach,Palm Beach,TRUE,2,(239) 332-2245,Bail Bonds Palm Beach County | Shamrock Bail Bonds,24/7 Palm Beach County Bail Bonds. Fast, confidential service. Call now.
pasco,Pasco,TRUE,3,(239) 332-2245,Bail Bonds Pasco County | Shamrock Bail Bonds,24/7 Pasco County Bail Bonds. Fast, confidential service. Call now.
pinellas,Pinellas,TRUE,2,(239) 332-2245,Bail Bonds Pinellas County | Shamrock Bail Bonds,24/7 Pinellas County Bail Bonds. Fast, confidential service. Call now.
polk,Polk,TRUE,3,(239) 332-2245,Bail Bonds Polk County | Shamrock Bail Bonds,24/7 Polk County Bail Bonds. Fast, confidential service. Call now.
putnam,Putnam,TRUE,3,(239) 332-2245,Bail Bonds Putnam County | Shamrock Bail Bonds,24/7 Putnam County Bail Bonds. Fast, confidential service. Call now.
santa-rosa,Santa Rosa,TRUE,3,(239) 332-2245,Bail Bonds Santa Rosa County | Shamrock Bail Bonds,24/7 Santa Rosa County Bail Bonds. Fast, confidential service. Call now.
sarasota,Sarasota,TRUE,2,(239) 332-2245,Bail Bonds Sarasota County | Shamrock Bail Bonds,24/7 Sarasota County Bail Bonds. Fast, confidential service. Call now.
seminole,Seminole,TRUE,3,(239) 332-2245,Bail Bonds Seminole County | Shamrock Bail Bonds,24/7 Seminole County Bail Bonds. Fast, confidential service. Call now.
st-johns,St. Johns,TRUE,3,(239) 332-2245,Bail Bonds St. Johns County | Shamrock Bail Bonds,24/7 St. Johns County Bail Bonds. Fast, confidential service. Call now.
st-lucie,St. Lucie,TRUE,3,(239) 332-2245,Bail Bonds St. Lucie County | Shamrock Bail Bonds,24/7 St. Lucie County Bail Bonds. Fast, confidential service. Call now.
sumter,Sumter,TRUE,3,(239) 332-2245,Bail Bonds Sumter County | Shamrock Bail Bonds,24/7 Sumter County Bail Bonds. Fast, confidential service. Call now.
suwannee,Suwannee,TRUE,3,(239) 332-2245,Bail Bonds Suwannee County | Shamrock Bail Bonds,24/7 Suwannee County Bail Bonds. Fast, confidential service. Call now.
taylor,Taylor,TRUE,3,(239) 332-2245,Bail Bonds Taylor County | Shamrock Bail Bonds,24/7 Taylor County Bail Bonds. Fast, confidential service. Call now.
union,Union,TRUE,3,(239) 332-2245,Bail Bonds Union County | Shamrock Bail Bonds,24/7 Union County Bail Bonds. Fast, confidential service. Call now.
volusia,Volusia,TRUE,3,(239) 332-2245,Bail Bonds Volusia County | Shamrock Bail Bonds,24/7 Volusia County Bail Bonds. Fast, confidential service. Call now.
wakulla,Wakulla,TRUE,3,(239) 332-2245,Bail Bonds Wakulla County | Shamrock Bail Bonds,24/7 Wakulla County Bail Bonds. Fast, confidential service. Call now.
walton,Walton,TRUE,3,(239) 332-2245,Bail Bonds Walton County | Shamrock Bail Bonds,24/7 Walton County Bail Bonds. Fast, confidential service. Call now.
washington,Washington,TRUE,3,(239) 332-2245,Bail Bonds Washington County | Shamrock Bail Bonds,24/7 Washington County Bail Bonds. Fast, confidential service. Call now.
